V1,V2,V3,V4,V5,V6,V7,V8,V9,V10,V11,V12,V13,V14,V15,V16,V17,V18,V19,V20,V21,V22,V23,V24,V25,V26,V27,V28,Class
-19.8563223334433,12.0958932259299,-22.4640827464876,6.11554110191771,-15.1480215209615,-4.34672408349599,-15.6485074722661,13.2768048056341,-3.97416161954102,-8.85919405880884,5.73081553744459,-8.08803351213651,0.230824969324902,-8.57897327333454,0.000946636693186,-6.94774606726094,-13.4728970076501,-4.94021082886802,1.23014255193802,1.58292955492187,1.75072984045421,-1.40963570908141,-0.809809278333882,0.121396659905885,1.35030007077468,-0.224291873525585,1.59762136835254,0.476919818025438,1
-6.49808616880785,4.75051466030858,-8.96655783136602,7.09885431317009,-6.9583762227814,-2.82212618665779,-10.3334056561063,4.03190730189525,-6.64877821018697,-11.6344144245911,6.87757089846463,-13.6976856184689,0.463040401836978,-13.0441824003561,-0.309229265664683,-12.3175797238757,-24.0190985475902,-9.33519307905321,1.95189049542104,0.568338010653019,2.15814308370257,0.1115103626317,0.216413836254987,0.584661255488016,0.760359507805524,0.0819723426822078,1.41506751068321,0.0351241448009389,1
-0.84844362611969,0.550459434843836,1.08277497343342,-0.150634104060706,-0.721598647098739,-0.464277296091529,-0.139859459311204,0.488706776329702,0.671957877062964,-0.9114818270364,-1.58251479483467,-0.676083334531821,-1.57471010987131,0.373356674312696,0.502270538835394,0.0480102585765591,-0.133300499679686,0.658718981436,0.176844701201439,-0.311447035188293,0.322198456166261,0.865602042042478,-0.199623330262822,0.0392690969529645,-0.38826478456745,-0.190550285746625,-0.0238506133963057,0.0679305833436327,0
1.19951412029782,0.184540929187423,0.376374958732131,0.641618356038467,-0.569036257233661,-0.906911470434911,-0.132476257608142,0.0304889230052583,0.0255127067864749,-0.0619900383612396,1.51412481108809,0.0545015457795864,-1.65475017256826,0.271382348314678,0.571647750014104,0.698132332431408,-0.0815798738905965,0.345660456915759,0.0266907749340749,-0.190864631998684,-0.243324701860849,-0.82371345310829,0.163949180411478,0.447194454894373,0.0996347340080793,0.0703447637410309,-0.037962518135785,0.0187696146467972,0
-3.36526491864606,2.92854110729003,-5.66099919906905,3.89115992835328,-1.84037510965314,-1.80088720390662,-5.55867935318221,2.40232168278639,-2.84892272106495,-5.99567612703198,4.22130410784879,-6.11966735264192,0.0230135705891201,-8.14932178394224,-0.301351931335019,-5.37528289323615,-9.31500138499105,-2.48756256913711,2.35591891159776,0.57637946532203,0.875260063301294,-0.102501391250503,-0.606282749133978,-0.743164794295893,0.096318936065612,-0.135060497401362,1.23869473001415,0.0998237563444676,1
-4.87250983312906,4.93150857930195,-2.96578492570428,0.170314969018544,0.12987459733145,8.81075484598709,-12.0534417164776,-24.9226140684047,-3.08048215211339,-5.1625639945339,-0.942702513390552,2.37540220662662,-2.15350314464142,4.49367191081054,0.902888903862582,2.08421607925063,0.601700971177587,0.781931015382632,-0.991977888008701,6.53165841674635,-12.815352628642,2.98922320810114,1.96247058833819,0.763275121699582,0.632217549555816,-0.530533487407191,-0.290376736062419,0.522490167780845,0
-1.01381592548822,0.814317371769027,0.525906486501851,-1.42568706901561,-0.0064611286691913,-0.241822732364038,0.633115759311952,0.513300549632329,-0.199012076776466,-1.01730176719081,-1.30076879039246,-0.579965864900177,-0.813731633135329,0.582330699112972,0.680756526045259,0.540608639841427,-0.386113438752902,-0.582843328308441,-0.611119257280965,0.0098109727021176,-0.129378394222653,-0.601478795092855,0.120540971099161,-0.776987257663787,-0.259186944953454,0.740724074513982,0.103471271902836,0.102164772104461,0
-4.32060921481281,3.19993870654465,-5.79973605389345,6.50233023566696,0.378479252807864,-1.94824637096657,-2.16785950480668,-0.728206711605414,-1.97723831745674,-3.47341070390428,4.56919375212135,-9.32115263136084,-1.59251765115386,-14.2668362798028,0.467776602458787,-4.06620855488173,-6.62696817708246,-1.43715841938037,-0.215409738450978,-0.263686068021973,0.47666042483552,0.434278328284482,-0.13693991841301,-0.620071695417129,0.642530576414265,0.28071734804164,-2.64910674899003,0.533640939848599,1
-0.264868683737295,3.38613996883911,-3.4549969895002,4.36762905773351,3.33606042827178,-2.05391842272465,0.256890458421417,-2.95723544083265,-2.8557972336327,-2.8084555425423,1.84750351109611,-2.4148223375383,-2.57322454244165,-6.5991261303635,0.123470382678038,2.57237180761341,6.60936580903842,2.53066979960508,-3.60265725092653,0.482513022122587,-1.39450379366468,-0.166029306744804,-1.45208118338289,-0.251814670710545,1.24346054282121,0.45278677690471,0.13221807596169,0.42459946550375,1
-4.51734375344642,2.50022390414582,-4.01392753708116,1.18945163355882,-2.48686063585833,-1.41347553285281,-4.24570662259591,1.26508694822894,1.16882778968781,-4.51390660472333,3.69471123994721,-6.11044323287235,-0.110521636054475,-4.18455528093394,-0.93103463417672,-1.61471832598223,-3.35318018239636,0.236762036968587,0.0038960221310578,-1.05616226010439,1.32694422202396,0.102998961106284,0.508166904438541,-0.278017536127694,0.139721094971637,0.0646100247346309,-0.972358289293076,0.351359561196795,1
-3.5934760029271,0.78144226309285,-1.82244751422669,0.605760683474701,-1.19465586719981,-0.517194856719497,-1.72252312325165,0.128889523769538,0.0149633080909052,-2.85611682977408,1.61826162043188,-3.58137450130299,0.623706919914784,-6.16045662030601,0.494733399107095,-2.54310504010287,-5.30127339068683,-2.19271270602319,-0.09472379272847,-0.478219313417121,0.351792125839819,0.391248950287018,-0.252874890557857,-0.498042480147132,0.0101721931231225,0.909928721553306,-1.47876724603751,0.722673039450917,1
1.73483920147559,-0.456696262672201,-2.75311978854664,0.0542505480507881,0.811669967994521,-1.1315269158879,1.1970264516422,-0.561694388268661,-0.289123397898284,0.0778858788485262,1.09249341579352,1.29925599143233,0.472803294584348,0.95860666074819,-0.81428027170099,-0.816447642572294,-0.353127251942224,-0.137472578659926,0.419904159781158,0.230583390013419,0.456080707620729,1.04974963947888,-0.36005452196315,0.892113259086841,0.690676809002388,0.38107605724243,-0.143903245144583,-0.057215726213938,0
-2.57088891292455,-0.950226459048191,0.314342946573402,0.493674679482869,-0.696092618821601,0.781317910383768,0.761198007224481,0.312523253973245,-1.52765396071208,0.359469687170459,-1.4807133806227,0.109647002421353,1.72046528198591,-0.123248604049068,0.662916679021952,-1.49202883880198,0.0057942935206973,1.62018586621512,-0.108196643182798,0.054362026528727,-0.372804838857779,-0.538140041330011,-0.374224177760572,0.292021707649485,0.7029410883546,-0.353378187654056,0.667994974361496,-0.203971850464849,0
-1.00061051985933,3.34685000184439,-5.53449117133595,6.83580203854396,-0.299803293657807,0.0959512989990878,-2.44041927394713,1.28630119597073,-2.7664382829404,-4.45800770078481,4.69653339192897,-8.76211333956078,0.985826601093264,-7.32027202211023,-1.06384045772504,-3.37112471078725,-4.25115786762875,-0.43005729986925,1.80401333906519,1.18981379228675,0.439756764345897,-0.694099203587273,0.299660329499667,-0.657600627722995,0.101647558980344,0.430457439169415,0.824685450418745,0.326952273050223,1
-2.02713542158538,-1.13189035724166,-1.13519425354743,1.08696263677666,-0.0105473464481483,0.423796701647855,3.79088017117747,-1.15559509817023,-0.0634335699320076,1.33441406239882,1.03201558219625,-0.722023081820061,-1.53323965243517,0.334119448067333,0.297478860324539,-0.429391896447094,-0.824644210487403,0.489667798839098,0.87334427153726,0.0338040154798561,-0.315104559619618,0.575519699616524,0.490842008633879,0.756502366364478,-0.142685358889407,-0.602776608703914,0.508712458871011,-0.091645525701271,1
-0.209392779041569,1.34066830886933,-0.537692393113425,-0.625715933563692,0.96897288399669,-0.806855574294956,1.04760986527854,-0.21029092110794,0.0277656382110584,-0.452256816560959,-0.471070029268471,0.5371679417375,1.24460357844719,-1.36998413231635,-0.347558127179883,0.250392487898874,0.270595107415626,-0.384005572475129,-0.254226829526497,0.200528028479529,-0.345406742009324,-0.762712712193127,0.083604287897691,0.589746393249778,-0.338502443439794,0.10160858586332,0.207629429260581,0.143828892231673,0
0.926257537825395,-0.324516408049952,1.25818124344695,1.5654312231707,-1.22136571354188,-0.414868042881101,-0.403283448098803,0.0173338957292974,0.684678623820731,-0.131718196893023,-0.421874529238777,0.431633282650821,0.0330091221042118,-0.21191532483575,0.574170994303509,0.203930209723215,-0.297242379796736,0.119661598394399,-0.64464362080776,0.0823129729491035,0.213039501394541,0.531898274026273,-0.147042888548611,0.73291064181413,0.420055393771475,-0.274326347550893,0.0469222929581816,0.0587180700886317,0
-4.51734375344642,2.50022390414582,-4.01392753708116,1.18945163355882,-2.48686063585833,-1.41347553285281,-4.24570662259591,1.26508694822894,1.16882778968781,-4.51390660472333,3.69471123994721,-6.11044323287235,-0.110521636054475,-4.18455528093394,-0.93103463417672,-1.61471832598223,-3.35318018239636,0.236762036968587,0.0038960221310578,-1.05616226010439,1.32694422202396,0.102998961106284,0.508166904438541,-0.278017536127694,0.139721094971637,0.0646100247346309,-0.972358289293076,0.351359561196795,1
-2.43923696855219,2.59145816263611,-2.84012564998452,1.28624391005241,-1.7770161908324,-1.4361387710222,-2.20605624197635,-2.28272485775905,-0.292885036315821,-3.71744992918956,3.90739912775712,-7.22000368560677,-1.21173934568755,-9.6576265944335,0.927517899548728,-4.73866234284944,-9.27663556929158,-3.08196108095709,0.17774563450317,0.513529864634298,1.77446009213068,-0.771389807551225,0.0657267026225069,0.103915744896627,-0.0575779255552146,0.24265246086543,-0.268649222026483,-0.743712586038479,1
-0.613695895305449,3.69877241384725,-5.53494116176501,5.62048638535855,1.64926285038792,-2.33514498091385,-0.907188472777421,0.706362095310651,-3.74764612466131,-4.23098383571181,4.43631907416962,-4.50380121641622,-0.954361345864011,-9.86137210765166,-0.505329037399437,0.269281953090911,0.591319064375358,1.79599192045908,-1.08520791024384,0.354772932978025,0.319260753518317,-0.471378905146116,-0.075890410682347,-0.667909264857987,-0.642848415713801,0.0706001067101182,0.488409527815439,0.292344974289491,1
1.12533553530785,1.13014648418496,-0.962975334759173,2.67568785863118,0.990074518469203,-0.243317741184431,0.316192138064781,0.122960131988498,-1.1433427947576,-0.369908966047961,1.83449419801385,-0.491243315415958,-1.12990700459946,-2.23862224442526,0.27846874170613,1.47792560308038,1.77645429510255,1.14928218583042,-1.30699464468423,-0.138813697509247,-0.166736918429935,-0.52193383894905,-0.112376257435029,-0.592076750460089,0.520791314299405,0.0433535805717847,0.0151590212632604,0.0636117222853327,1
-0.956390354534089,2.36159360978361,-3.17119460723168,1.9707587789256,0.474761353851904,-1.90259820435779,-0.055177812186404,0.277831228585655,-1.74585416512772,-2.5166280017922,0.874051625366684,-2.51310432869389,0.0215750823066827,-3.56511884467947,0.461153428310475,-2.01571274629308,-1.7314131905532,-0.465814727140309,0.527619755594392,0.19087690343816,0.4732110860249,0.719400298090367,0.122457847823505,-0.255649852132098,-0.619259299031992,-0.48427999484406,0.683534592892906,0.443299499267762,1
0.0510754846328574,1.31042652386526,0.733222065309853,2.62028192286183,1.40235761449282,0.528488564738172,1.08601442622803,-0.146422713225732,-1.72433297471822,1.28016674259048,0.470864719590572,0.43554195900858,0.594974116113431,-0.142098601080574,-2.02473460275883,0.828290651436422,-1.27478714656577,0.134277305184542,-1.48943421708841,-0.125876996990695,0.229936134951611,0.766926566765976,-0.189623667620704,0.766852957965077,-0.141400750027805,-0.0772779620355944,-0.29759539535716,-0.221816034161724,1
-7.13906006793885,2.77308160372497,-6.75784506920828,4.44645597412376,-5.46442818500108,-1.7134014508064,-6.48536540922127,3.40939479860676,-3.05349271362056,-6.26070551479114,2.39416766551329,-6.16353737959229,0.60285052085239,-5.60634642932959,0.206621733749977,-6.52508103976033,-11.4083675448063,-4.69397773642436,2.43127449162965,-0.616949301183343,1.30325030896469,-0.0161181523663711,-0.876669888453567,0.382229800649027,-1.05462388774771,-0.614606036944453,-0.766848111948171,0.409423944116944,1
-0.630425260873612,1.23960663950731,1.16452978333171,-0.0365875322707395,0.207782322321163,-0.540047611935069,0.625903346083285,0.06473620589659,-0.23791976664656,-0.251682642230451,0.0689934002457996,0.129492980189145,0.31062632536231,-0.512887645874139,1.13921599203911,0.0594677977879024,0.265950876431665,-0.62930794895503,-0.480556678035992,0.226033792844946,-0.263339499925,-0.580611255062102,0.0291456103411361,0.024740060320797,-0.17287049088586,0.105588462870886,0.367528247110453,0.161749126822638,0
-0.863662122556,1.45104110528387,2.02582877614351,4.16066606382453,-0.296232799658962,1.98889533379304,-0.506205785032704,1.03144641938492,-1.42741979961077,1.13029678351887,-2.1330741247968,-1.6863384272468,-0.97682489516365,0.276691782821255,1.51946923246976,0.780987432521886,-0.0120503542193337,1.01518363162586,1.18064562394279,0.343262901070429,0.0372369706223919,-0.0322584371827035,-0.0834740735321793,-0.0469245069816693,0.0519889122072892,0.440196061385641,0.231178273468903,0.108564550782763,0
-30.552380043581,16.7133892350242,-31.1036848245812,6.53498386355181,-22.105531524316,-4.97769196369245,-20.371513594495,20.0072083651213,-3.56573779124378,-7.7310714411342,3.8294273949908,-5.31433227604015,1.44693027992913,-4.57926372815218,-0.142299360010106,-4.99784830436345,-10.9614103561188,-4.64148195920404,0.567056279787444,1.73364399368955,1.8165201713562,-2.28868550494101,-1.46054449877578,0.183179482716819,2.20820917836653,-0.208823971247713,1.23263629519904,0.356660010884047,1
1.29773957778118,-0.756132967012638,1.4816991965497,-0.694057894875935,-1.75701974919298,-0.309479154143229,-1.37628058804473,0.13201973987047,-0.552390998769911,0.731763765001499,1.65984017439682,0.505819674275785,0.977583743608353,-0.555795276604594,0.52205250879159,1.80656436671094,-0.265858106713907,-0.294968703231157,0.309611569996488,0.145923735957841,0.507720555250492,1.42951336608223,-0.076249815535769,0.598211255216103,0.281186158003108,-0.0746232977087129,0.0591928002543211,0.0263115103398864,0
-0.686521172595531,0.695254259874282,1.69080248952072,-0.335576327189075,-0.0608888600928249,-0.0130314941170417,0.269189345011986,0.0294049774962258,0.453836114626183,-0.711215950792652,-0.687436211470266,0.386796735222867,0.492530939746589,-0.415976075489684,0.422824673548214,-0.33932636479159,-0.246421599124648,0.175078826978691,0.0231344665423761,-0.0500847337452763,0.313932911599539,0.993376224335496,-0.233065883593588,1.13286274096169,-0.039193386080521,-0.201379868860778,-0.110988381423326,0.178020256847982,0
-0.962580135081419,0.774981076024636,1.66856582226664,-1.02935429692356,-0.738912444938719,-0.543995907314326,1.64784241921567,-0.299738817746917,-0.566670081766337,-0.992338234811839,-0.286620383926797,0.106426416008017,0.450916845451721,-0.0471252227842579,0.510594747503033,0.568410708810207,-0.608614174937084,-0.694231720893971,-0.379803473649337,-0.0061322795594608,-0.312058688106948,-1.0422004418548,0.0464561032418989,0.406736909217926,0.0234718491451078,0.542315843485681,-0.124034971965321,0.0113184645801337,0
2.01667444743641,-0.0317532225910869,-2.05622164333173,0.230817115547511,0.835284482841008,0.0848298793858469,-0.160748897970023,-0.0274381059698996,2.21239298148335,-1.03539760975816,1.06470820478604,-2.26080066644798,0.951171496017982,0.245821130431633,-1.37003650026671,0.520670511902719,1.18636659002023,1.25456315567837,0.624384300501228,-0.143657414621493,-0.413872300158708,-0.8389464786895,0.073814498717419,-0.545125901489525,0.0129024601578218,-0.114606799001244,-0.0528545220084229,-0.0386131323144448,0
1.21592035730587,0.372759651651488,0.294942630948149,0.632967912063621,-0.102460011247873,-0.579100998309754,0.0675774279731357,-0.114807985410681,-0.104472332362648,-0.352307278528387,0.300668192822015,0.788010647737509,1.09021546802602,-0.435496284206783,1.24926679373753,0.146177291241437,0.220537144320309,-0.854817938797688,-0.560324894658497,-0.0575614776350804,-0.250740107197945,-0.643758583428827,0.148358910239803,0.0525027227508733,0.174239303948857,0.121599135421646,-0.0006535057027104,0.0290950603546764,0
1.95649491329482,0.622043188297137,-1.17144697488025,3.46478632169834,1.07034836682432,0.376533564412724,0.341356313105575,-0.159618820284968,-1.26059764700219,1.48818464965383,-1.52374312580072,0.0565293965944571,1.5230589252386,0.0716114288151918,-0.329996901919141,1.11492985823297,-1.29115868977139,-0.0751396607894962,-1.50821532161934,-0.0995400803185131,0.221931986001464,0.624348225845796,-0.026838201480015,0.110563277384579,0.258691652283425,0.138885989458142,-0.0448115509418265,-0.0435339024116557,0
-4.26083217173719,-0.756983152797621,0.200385767044487,-0.947988519066099,-0.478564732839235,1.32026417281935,-0.135039904874767,-0.194034872806358,1.15850873150428,-0.194639433198767,-0.352929164486157,0.830359444760768,0.187688762683433,-0.561872103250738,-1.08911864258289,0.772090064257462,-0.505943902165944,-0.145205098234019,0.44873138838109,-1.83160945712779,0.130958860219666,-0.438134162106145,0.550603363754843,-1.2351350879331,0.238804035607986,0.868212470666118,-0.646373657468823,0.0836209613336996,0
2.05350511325545,-0.017319107758012,-1.05432997529605,0.403462034395946,-0.0604622210917605,-1.11512248538254,0.20999282305083,-0.342393043687978,0.451525206031681,0.0475627151653662,-0.591018781161678,0.769277977626018,0.644330722465044,0.164871248919082,0.0233202615540421,-0.191162910181412,-0.265065026685511,-1.03019755397859,0.0702299967666713,-0.19287503088662,-0.276556366062702,-0.627718985107497,0.33976455059361,0.0027830873020577,-0.293749656276666,0.199084368426284,-0.0637755678348706,-0.0592097385230392,0
0.433504148725074,0.620273403568988,-0.103399451784586,1.0123992583008,0.789054170896775,0.690048496083641,0.267624769422147,0.0748730226618511,-0.344137218952433,0.146294541312136,0.272413213891055,0.569973312870596,0.971620303219707,0.401399381575735,2.72746389417308,-2.19979695152573,1.26135098584487,-1.12831170309046,1.14795876303486,0.0839651072923012,0.450693701850753,1.63245154042647,-0.0505857268135249,-0.87777931551625,-0.491710157104838,0.352976008758906,-0.0023234733245048,-0.0154819907909668,0
-2.44266290065697,-3.25080717687368,-1.08148693231819,0.2762964604958,0.4015102838008,-0.383978981900573,0.261437945672096,0.486403942184623,1.89180714088834,-1.4402957384178,0.253155582779462,-2.15306941306927,1.31560599240051,2.19523741804383,-0.866536135771242,0.882895710494586,-0.578652940919334,2.04100199856141,-0.345579863236645,1.35847167147883,0.851970426974105,0.984857046938504,1.30722875747365,-1.15888848028412,-1.70567236242981,-0.959344664891156,0.1496535732174,-0.0495456704204466,0
0.765931226640133,0.625719473515209,-0.932218835891787,2.30209944029887,-0.347825037070396,-0.125584127513597,1.82021833699522,-0.728371937026034,-0.152695664801588,0.875706055417735,-0.854268178061912,-0.70096162192504,-1.00746395336068,0.41063788258112,0.880072127739512,-1.65473258323408,0.666060630149546,-0.160586137811722,2.24102200038931,-0.103857220778993,-0.000105249641583,0.547277053654591,0.0021484357201091,-0.0023672003681232,-0.0779656720400969,-0.162734050554672,-0.322126611131767,-0.458038101675826,0
-0.427304567680107,1.0574677739533,1.29283252553821,-0.107319865421404,0.304624579916317,-0.178265093685876,0.556816874880333,0.192307642690035,-0.712173981049661,-0.397581148592068,1.76658672357081,0.8822432895987,0.368368007643546,-0.27504749264334,0.406608198206698,0.270665140285751,0.0148629923313625,-0.134733784750211,-0.161445398316165,0.116650594566727,-0.180334714600156,-0.433799200352537,-0.0015282968171239,-0.0236967734223692,-0.251055378993158,0.0830862411314661,0.260505396467282,0.0854605400260107,0
-0.223613237731078,0.487912584960424,1.5196986752448,1.7319648211021,-0.300828517422616,0.342899010791332,0.455129638693418,0.133437367864069,-0.192485775381442,-0.204928539031219,-0.538176800173913,0.102955066383077,-0.22196935333262,0.0221297634965868,0.819862158107065,-1.24381623152209,0.813133552098058,-0.572318978833005,1.40209718488502,0.251585656604229,-0.0875579460431984,-0.168466035259479,0.232567034192858,0.0604978109246648,-0.392913001216745,-0.340261855803698,0.130414245969751,0.0856135262601147,0
1.29623080363477,0.417447287721689,0.193963067987499,0.901644194576026,0.13053136701763,-0.371634020776762,0.158125823740231,-0.202668656827626,-0.0795117562857989,-0.0450882478448673,-0.876737591678351,0.687487636238951,1.5747177026257,-0.0077912302905812,0.948315691837591,0.37715383740261,-0.868182736046053,-0.0671351121445059,-0.0644929660672327,-0.0295593500917474,-0.112113509551068,-0.2200020323662,-0.121021883862135,-0.440454448442227,0.671540040565908,-0.413518433654353,0.0328380408333744,0.0206001971066775,1
2.07249203318839,-0.0398171753395496,-1.12237163826365,0.379965442805084,-0.0539464770451551,-1.12461100217266,0.19571090669979,-0.337264296491368,0.520588868282003,0.0674100203170852,-0.838114509072726,0.498937368658144,0.294868283388024,0.225823051835188,0.0283329161494754,-0.0717648487754147,-0.353406690491509,-0.846612464870173,0.200285231320228,-0.206121408776927,-0.296498474597009,-0.709571387585152,0.319355978712497,-0.104750542186196,-0.271828995101396,0.204377420634475,-0.0696215717908091,-0.0609606690649147,0
-5.26805322089363,9.06761342731767,-15.9607281345144,10.2966027898053,-4.70824109122294,-3.39537485177836,-11.1610570028797,5.49996263444947,-5.66737554592835,-11.6271935556579,11.0270590938161,-16.3880541668327,0.363921486512734,-17.230202160711,-0.437487559248993,-10.1223919213552,-13.6392089915234,-4.98645725844229,1.12678437819631,1.45587819528,2.00410994522741,0.191058399384387,0.622927669875126,-1.20926355739155,-0.374798862642666,0.64879803679546,1.58469734677224,0.720055870245492,1
-0.715519394215501,0.0701732663768814,1.99457620194509,1.90055637668829,0.291045482116196,0.909354421155031,-0.439515159892964,0.105777943587775,-0.0043076455053634,0.763958146735942,0.977028237649097,0.488783676452872,0.31023455327196,-0.239255934409628,1.38289647991437,-0.480755889410536,-0.113668424224885,1.1428116369359,2.34728795082966,0.177991148737777,0.135109617613135,0.734523954018287,-0.139964297131492,0.718034406920069,-0.752973275336944,-0.414615300736758,-0.105743691427051,0.0619955293326059,0
-17.9762660516057,12.864988563015,-19.5750661905691,11.3451198184298,-13.9986456031027,-0.35489996091484,-23.7834698823143,-4.87235340557097,-8.50428479375643,-16.6011969664137,5.56925817499418,-13.9322487527403,-0.204854827407058,-7.58102324741972,-1.01361239001659,-9.01481328062598,-16.0920320589503,-6.05014766257303,1.66102935873752,2.41992113013135,-4.30043186631826,2.8657718597682,1.48930201538756,0.386039288843108,-0.232391836340479,0.413826703027495,-3.25598090607432,-0.538963227046118,1
1.14086473658976,1.22131743135767,-1.45295546048243,2.06757505760281,0.854742052227546,-0.981222507744598,0.325713913670098,-0.0377214068783676,0.113219371615132,-2.12697274994354,0.915947028928619,-0.468571538051367,-0.523377293666349,-4.86186658087283,0.421013353871263,0.866440624739209,4.08248488419359,1.1963181517001,-1.10076358353881,-0.0677120411898438,-0.377597095255037,-0.79345965987036,-0.132333171548173,-0.33158626897425,0.664877856718148,-0.309312434134138,0.099941947375597,0.122988311929089,1
-1.73934096431325,1.34452078912347,-0.534379047474665,3.19529149873811,-0.416196142475576,-1.26196066822182,-2.34099093949748,0.713003645507275,-1.41626499933122,-2.9966693020716,0.747478135782509,-4.59661151187479,-1.92775970193864,-4.75707449850737,-1.2478148188713,-2.53549425081321,-5.35646454386042,-1.97474852459452,-0.603726269220942,0.0027494784537285,0.38318010845642,-0.21395221812466,-0.336639824887574,0.23707630076775,0.246002931555889,-0.044227636498999,0.510729074882634,0.22095159365596,1
1.20101538122345,0.267521898790261,0.14793922711695,1.32138011315148,-0.0448126585927995,-0.407308249487696,0.182623725389811,-0.0533723522138914,0.16530682599531,-0.0251658013851595,-0.549186221952799,-0.0065144834641612,-0.908527251940725,0.428171361374369,0.32457288369498,-0.633546039643446,0.209369603427774,-0.794859803349717,-0.481963904007577,-0.252464484516302,-0.0177416683990445,0.114256656332895,-0.105914712425144,0.0818327586514216,0.741873843119318,-0.228703475686624,0.0211548455144941,0.0083983328199269,0
1.95813123152342,-0.237768557379777,-0.300949646666404,0.337337674417736,-0.364652070592988,-0.15551865352076,-0.646995508634946,0.0094841720246481,2.37427272499863,-0.439721706181348,1.62075314044323,-1.42302792558584,1.7135526843088,1.68784039568169,-0.295876083797744,0.446973520118478,-0.263658649472738,0.822841960456694,0.0145766654749008,-0.251143929235211,-0.231533445162009,-0.32902002559767,0.301411251665468,-0.585768175510598,-0.385818029950679,-0.953415543418922,0.029623182194975,-0.0463145797724412,0
-0.978377983520815,0.328656418448616,2.13412367968404,-0.910303400748861,0.0927983590161612,-0.557605984644768,0.289853578175967,0.146220390067505,0.570717654718847,-1.28477381623383,-1.44141408776111,-0.561175155334687,-1.14739360696651,-0.11658192828225,0.0136398934441545,0.302886302295368,-0.664132417114829,0.450815852377109,-0.74392999388439,-0.141186278082083,0.196475241940681,0.53483092275319,-0.473311444623015,-0.0328183384421282,0.759686589264485,-0.168539856972757,0.0336247135843651,0.0608598231828139,0
-2.17913506011513,0.0202179180614602,-2.18273279614299,2.57204626116115,-3.6637331119316,0.0815679330899005,0.268048730691862,0.660437428502318,-2.37402736257173,-3.58281002008802,1.97582106179607,-3.50054226479879,0.170681027067223,-2.73594037401519,1.67025110352247,-4.04629299726117,-5.07947908460579,-2.58685704537203,1.66926055335833,1.95796029993605,1.02642111100453,0.299613501640326,1.65680000734873,0.328432501784239,0.106456827905221,0.691774505774569,0.196778974067123,0.241085157494976,1
-2.86979494599423,1.33566696241079,-1.00953019777159,1.69388472852407,-0.741479894623347,-0.796772696354505,-2.61424187718441,1.06663646767929,-1.13549652218517,-3.9433368210052,2.57283021584331,-2.28866350030302,0.562084177710423,-5.33871420959882,-1.85325189141529,-2.619233053885,-5.23142512742468,-1.23485373672039,0.397308037124058,0.0115572104606548,0.528421372720921,0.228027080989586,-0.749297963439339,-0.0671789627433331,0.215792485177395,-0.453651011768872,0.349191042793996,0.198862268219404,1
-6.68283191622627,-2.71426804459821,-5.77453045690806,1.44979237466742,-0.66183640822251,-1.14864974026029,0.849686456067088,0.433427022470355,-1.3156463890999,-2.79633153858609,-0.448793725596362,-2.56260240774572,0.243482526844698,-1.18166939064494,0.004372871675287,-2.3025956900034,-4.446191868553,-1.71046314846621,0.982728632705372,-1.92852719254856,0.22052629481591,1.18701320438743,0.335820816532534,0.215682964100827,0.803109991522633,0.0440333423786634,-0.054987627978561,0.0823370925160337,1
-6.61821088302128,3.83594330652809,-6.31645312939344,1.84411148322924,-2.47689242073119,-1.88671810778613,-3.81749461717225,0.613470204441387,-1.48212104737573,-4.86874726825181,3.35972193954249,-5.96916163430263,0.0511899909273825,-8.72449560202264,0.776390603031746,-3.93938374023711,-7.16443030217363,-2.43467181629124,0.235226841085862,-0.953826982523315,1.63662230588548,0.0387273057562163,0.27821816645377,0.786670356804443,0.063894559165062,0.154707097104458,-2.04240272642132,1.40514055826157,1
0.741627908595522,-2.17122579789742,-0.590971591463437,-2.58908967872585,-1.10559177059524,0.156545182378973,-0.29013115487886,-0.0148833130402002,0.949917459361267,-0.891755422951353,0.478707700380209,1.42980771313751,0.430728564000797,0.0159730234141918,0.103856361730867,-2.8715728739421,0.383516161147818,1.53207962132454,0.844676060203581,0.18005147943604,-0.1697040246418,-0.368808923622415,-0.500482090133804,-0.794886270461924,0.698351016800378,-0.638738561730836,0.050667778997284,0.0594434668402812,0
-2.7294819717688,3.31249456257958,-4.24271044395109,5.03698507739508,-0.376561160600044,-1.53246175254658,-3.44915850302961,1.85683931947767,-3.62333368933656,-5.6536376856402,3.94231582587852,-5.8837243606062,-1.34781373713666,-9.26612018494559,-2.4595563246821,-2.20564448269106,-5.70908680498665,-1.11393664017816,-1.55653021213315,0.164287792503557,0.72741506386268,-0.301431744500987,-0.502433327315861,-0.462308576168739,0.510682747439828,0.0466646930679243,0.514645779891103,0.140998673095746,1
0.376945564922147,-2.10546386081493,-0.4024460428385,-0.295434134268456,-0.737643277436835,0.871676630772793,-0.110201485139577,0.239629211959154,-0.659731696071025,0.225241169429982,0.552368855312762,-0.65334410464725,-1.29841849762274,0.286804448874987,1.02397774175504,-0.721980141454097,2.02904564967341,-3.47349664889455,-0.989875525174054,0.700775414834836,0.539906944068114,0.715918840873636,-0.363899734571606,-0.596331996829516,0.228818419589433,0.0013971912519578,-0.0274549397265607,0.0652264996229241,0
1.31909184587987,-1.34732769737309,0.725510494180837,-1.33597490608553,-1.96015275044811,-0.727975025562264,-1.19247258551085,0.0260285386183417,-1.79092087094775,1.5973549778801,1.19637708893544,-0.890786727986831,-1.0970041896344,0.145154444343205,0.213164057218367,0.0275390690336074,0.337978145831267,0.543539565661528,-0.0374554347121892,-0.285551783980333,-0.282021449037296,-0.718012300399092,0.153287504960914,0.438992640437325,-0.0012395182450874,-0.441680685610696,0.0174461018222855,0.0296389600044883,0
-1.83693980524096,-1.64676405421121,-3.38116824152195,0.473353567439937,0.0742428680588724,-0.4467506984682,3.7919065488031,-1.35104516710281,0.0951859632710584,-0.0844995591396119,-1.54230486820434,-0.540534807018906,-0.27207903913702,0.712541142762088,0.234979844917,-0.907666065803548,-0.391051374531861,-0.0347191590047466,1.08428646665042,-1.58614369731197,0.0106634770821352,1.78668137304358,-0.151178223750849,-0.582097763853728,-0.956061535679488,-0.334368991860647,0.715600326403013,0.370449747000955,1
-1.91732846901197,0.961269863428981,-0.0769086785959981,-1.08235639164612,-2.17155058334842,-0.42863619629674,1.79339251719973,0.443845856603241,-0.477069292369143,-1.15573909075439,-0.660128504114777,0.287430901324123,0.321726513684914,0.593834402901346,0.285925978311753,0.790687617290818,-0.322147555453822,-0.500064827727596,-0.634284767589365,0.0135716850223347,-0.147524940507377,-0.504199262220139,0.308462193912733,0.421056995622911,-0.16481126663143,0.670965690899008,0.296197885498224,-0.0379525182563028,0
-1.81490976483778,0.963218082390997,-1.6066098053881,-1.28598808900534,2.02736461290099,-0.654650361180916,1.66200282568702,-0.562961293396485,1.83178133935682,1.12430448736876,1.36806850638138,-2.10310508333077,1.75465865239499,1.62414832122991,-1.28851771298712,-0.398279533288813,-0.384240290864542,0.415082547309277,0.124839563607859,0.16847730841102,-0.298840785941386,0.647283659487531,-0.130091403427539,-0.105380188179282,0.0793923005608984,0.0713852141755332,0.850235276883194,0.537826879003352,0
-0.61068531822258,0.642294283308524,2.03510638172437,-0.678170667538241,-0.0189549644471792,0.630916260782136,1.41394830847843,-0.683511776360112,0.387439559655944,0.177180283786429,0.79569909693634,0.196774367413562,-0.029881479738294,-0.614969515716273,0.521618983312736,-0.197477161058168,-0.837580810175292,0.48530852972186,1.69862549174971,0.177011817136359,-0.358507773767423,-0.498990735771052,-0.412400665737656,-0.496962748815158,0.0534341304472497,-0.130630777397739,-0.75001205650231,-0.661999882829192,0
-0.417339782403896,4.70005527392636,-7.52176682774885,7.67188445074794,0.260821237608046,-2.64669254023638,-2.85443216153232,0.95878310270126,-4.5885358926682,-6.12071508667922,4.54849458373201,-7.83625279832226,-0.242674770748528,-13.2025053438681,1.0924415991984,-3.04086255242532,-3.00895800089691,-0.159966953690891,0.78808629554402,0.832034789370246,0.622200356085823,-0.437708334187294,-0.0903582898025547,-0.742802157670925,-0.312360714129117,0.502574976363589,0.8213902873783,0.37237881708533,1
2.09190018751563,-0.757459362256544,-1.19225763407193,-0.755458092963448,-0.620323625943217,-0.322077026663935,-1.08251065680614,0.117199961876445,-0.140926651717943,0.24931080342673,1.33831754595819,-0.329759339656804,-0.363591188943619,-1.82483910494673,-0.229678513727838,1.84234692345975,1.19421171382239,0.0374666576390236,0.423099369076423,0.0374375437836754,0.288252720367131,0.831939310447442,0.142006990607899,0.592614974257539,-0.196143145198634,-0.136676262268618,0.0201823653167864,-0.0154697051692816,1
2.19387308850356,-0.67182291153873,-1.46379335329427,-0.887142361980482,-0.518151661825691,-1.53301639950888,-0.110715177486374,-0.4482199582467,-0.627713944138198,0.865468561028043,-0.643121345115697,-0.783772004917569,-0.274423477643311,0.247105648953679,0.288428812446377,0.890592572877056,0.207603203357255,-1.69961832513544,0.685944004718012,-0.0236942057572208,0.0544203863247314,0.0398304167249386,0.193563624266578,-0.0361750986531928,-0.0804507888634728,-0.31368190426696,-0.0550260322882395,-0.0598575167891825,0
0.378274504006009,3.91479678866992,-5.72687201536627,6.09414095882864,1.69887526405022,-2.8073139468834,-0.591118212837213,-0.123495593086659,-2.53071281390832,-5.15309460989926,4.65408842254301,-7.83953899762349,1.37181858033581,-9.63468971263612,-0.739596855842826,-0.663203945673478,0.891934540534899,0.978675639075006,-2.00547660274646,0.440439440893876,0.149895683076911,-0.601967245529085,-0.613724335539499,-0.403113687819411,1.568445255978,0.52188393400233,0.527937749881352,0.411910405834512,1
-0.744589483305653,1.01238660169464,1.31260272381221,-0.733083266006533,1.09219706865012,0.252505894292333,1.3329153973534,-0.669983158405536,0.64834383332511,1.644251069647,0.471910907673344,-0.286236799526322,-0.185634894609575,-0.738475989122032,0.4525070902852,0.418406027142435,-1.5680369682662,0.46102569572556,0.750050632597591,0.770427643376699,-0.579939844862865,-0.711884816674884,-0.282800094081859,-1.06693754363562,0.010560968404112,0.0416859412536276,-0.0728192077043133,-0.590267200699263,0
-0.994196531136704,1.30989766775072,2.3593438418235,2.55664851788256,0.830796820059153,0.947045930216029,0.382764118652962,0.299792250626123,-1.32646279307098,0.489837517659703,-1.77843460519256,-0.870935993851112,-0.160758208206529,-0.384002312774925,-0.814915470669276,1.19103654972227,-1.00539945388354,0.308308886851012,-1.65769784358903,-0.145717308676994,0.197582621909446,0.474537008956658,-0.502835974077968,0.562420021073946,0.647455325109439,0.160401637365805,-0.0908081060851772,0.0684033330105719,0
1.37784628375541,-0.540479385808449,0.566085594511037,-0.568724015346707,-1.37108116711328,-1.32842105911754,-0.575989432191036,-0.15386574700743,-0.599158543068499,0.669358840554615,-0.176546933862336,-1.33772941174797,-1.55421550814377,0.240160760057798,0.938720361797473,1.15677534761407,0.452200691053081,-1.47015030773568,0.488144216536386,-0.0389509157252506,-0.040972524592198,-0.327956586735932,0.144882919443354,0.650103508906042,0.209523601456565,-0.43387058441407,-0.0067100981437892,0.0203847173426823,0
-0.679520574101316,4.67255275192187,-6.81479843997791,7.1435001202707,0.928653839059275,-1.87301315334323,-2.30668902092068,0.993701927710531,-4.94405415592679,-5.57641879575659,5.78365443891613,-6.11770391144604,0.61416484095298,-12.451498657048,0.42715247782648,-2.2558538072409,-2.12802655387511,0.706765028987081,1.09382579750391,0.872005531266124,0.566848531943877,-0.321691497752809,-0.281324568300744,-1.12025603826283,-0.0733943446607603,0.553530429860346,0.760541928111246,0.386741821030101,1
-2.0642397521399,2.62973923034009,-0.748406253034646,0.694992040498764,0.418177985610222,1.39251973416781,-1.69780121912626,-6.33306461223925,1.72418428025944,-0.887241636246378,-1.59425779202416,-0.338775118165825,-0.978064513351916,-3.68882599540221,-1.48708342266887,0.526946020771924,2.34702289955703,1.69122000470716,-0.736110693106424,-1.42448619962422,6.21551399149032,-1.27690859567394,0.459861127330875,-1.05168547489323,0.209178360382973,-0.319859444506001,0.0154338685560936,-0.0501165001659193,1
-1.19619933705335,-1.27053746032233,1.73964899155547,-1.14369026196887,1.19300606393349,0.349769202004224,-0.661824623519207,0.2458801483165,-1.01501410234514,0.235469208426104,-0.167286589297005,-1.02596707224328,-0.43132892376553,-0.346661728191323,1.36558534209688,-0.490910093615514,1.46063837481201,-2.4589684523085,0.591604708497016,0.540577363002692,0.34414800849399,0.879544935369661,-0.0985826325180625,-1.01279389707407,0.299685745943508,0.196004458570827,-0.107240201790256,-0.152253018081312,0
-4.69679522444504,2.69386747884008,-4.47513271259153,5.4676845487781,-1.55675807549758,-1.54942028904253,-4.10421487278526,0.553934075416293,-1.49846813107494,-4.59495176285009,5.27550585077254,-11.3490285500915,0.374549235103921,-8.13869488434773,0.548570894168134,-6.65359434741365,-10.2467554066001,-4.19106626655491,0.991486122257293,-0.158970548660611,0.573898081112651,-0.0801627753981571,0.318407817148194,-0.245862202650853,0.338238431564141,0.0322706213908033,-1.50845793363219,0.608074682590101,1
0.290851319599878,1.06771983356247,0.367228645979243,0.984535348804483,0.448907337783363,-0.532340425631854,0.796548260394005,-0.321459211529088,-0.795011919757867,0.0162034960554963,-0.125878332622183,0.537859538947105,1.43254311174253,0.351517435015937,1.80865961217815,-1.47762561538518,0.497353631880081,0.205144774917216,2.35044749025307,0.289070110106949,0.403031092392401,1.4211601576528,-0.205648401629275,1.25474130711425,-0.461876246196469,0.189957686451389,0.250054381480305,0.217502308698956,0
-1.3094413460044,1.78649494921925,-1.37107024042555,1.21433549160762,-0.336642221570741,-1.39011986486896,-1.7091091066305,0.667747590382643,-1.69980879955917,-3.84391103993778,2.96259879138962,-3.95604520140947,-1.53923191944683,-4.63463139323434,-0.248403490673103,-2.05855138409951,-5.63549400383391,-0.775271204300359,-0.23930965408033,0.253464129147281,0.533521286327158,-0.0221799534199139,-0.299555851230085,-0.226416167090146,0.364360460778096,-0.47510178544057,0.571426303828437,0.293425836896259,1
-14.7246270119253,7.87515679273047,-21.8723173644566,11.9061699078901,-8.34873369160876,-2.26284641969245,-15.8334427819606,0.0778736741759969,-6.35683349086288,-13.2616517082667,10.0637897462894,-14.3947668016721,0.654888723464231,-14.2483158270781,-0.305360761401071,-8.16163244506225,-12.2809648581754,-4.81858639342974,0.719787682108791,0.996468755724792,-2.36234492751884,1.09955729576975,1.03719942301307,-1.03635934178889,-0.254776514154375,0.642343201018144,2.16112922373151,-1.40128201963858,1
-0.549615438496227,2.21907469290599,-3.52202432215688,0.236995179253694,1.0874688565719,-1.23553009267737,-0.279312556848985,0.514360709931382,-1.84992742118892,-3.44381902213252,2.21400028680889,-1.6898355101423,0.498437678119739,-4.39363360177944,-1.27084139528992,-1.17662872177405,-1.8597389700645,-0.0494185884951729,0.38526260953691,0.126517943495233,0.364130240632527,0.210428090003568,-0.366018663493106,0.0158025669543916,0.349211539966759,0.647302275361242,0.17192919537209,0.11718822829994,1
-1.19953712421144,0.991586914322701,2.75904632751426,2.62478129709424,-0.273412156789344,0.554767494153742,-0.266017697212149,0.201993281412329,-0.123622396559538,1.61917285713422,-1.09534439914923,-1.36739177832605,-0.718330835886548,-0.413010932958045,2.14256566108062,0.634729219321891,-0.516853773310979,1.06729908368755,0.563319431872853,0.525021082513425,0.0582156732130161,0.65954117440977,-0.24262375272401,-0.132946209479153,0.151937453699838,0.435884737456906,0.443102513469783,0.0959416598788053,0
1.27807627534532,0.26034249917334,-0.186479546900172,0.883232452427493,0.740739572203413,0.922791332419958,-0.249768263665811,0.17171966619132,1.27618706975916,-0.147011417327214,0.735759893193837,-2.6578133365527,0.891781559635664,2.07913513254653,-0.0157862369060075,0.573348144452495,-0.284282285920044,0.93339033525063,-0.088306254921851,-0.219805849375332,-0.127719798053573,-0.102509675271964,-0.279588838577675,-1.79502639107455,0.745883982883363,-0.195990816684995,-0.003834925353426,-0.0182181434629589,0
2.08030850692936,-1.75039079407969,-1.17249135246447,-1.80787942391354,-0.811784818816465,0.490336724287563,-1.18570877796122,-0.0075263500223869,-1.47626931005695,1.61416690227161,0.1635158402431,0.380196604981477,2.00127233101237,-0.670729140409221,-0.760365608694309,-0.0718218990457437,-0.175331356427124,0.585004258136793,0.296734131854976,-0.0515023691462851,-0.064957494734378,0.0965338769612163,0.063614027396321,-0.184384669016959,-0.184891118197874,-0.186759513696522,0.0078998304267735,-0.034207599383953,0
-0.264868683737295,3.38613996883911,-3.4549969895002,4.36762905773351,3.33606042827178,-2.05391842272465,0.256890458421417,-2.95723544083265,-2.8557972336327,-2.8084555425423,1.84750351109611,-2.4148223375383,-2.57322454244165,-6.5991261303635,0.123470382678038,2.57237180761341,6.60936580903842,2.53066979960508,-3.60265725092653,0.482513022122587,-1.39450379366468,-0.166029306744804,-1.45208118338289,-0.251814670710545,1.24346054282121,0.45278677690471,0.13221807596169,0.42459946550375,1
1.26132423719507,2.72680028914035,-5.43501891203698,5.34275900861121,1.44704301840055,-1.44258408548501,-0.898701853990691,0.123061977888509,-2.74849590498127,-3.20243612238872,1.99136063471588,-3.98641621648026,0.577206841836268,-8.48579450596077,-0.794782274727006,-0.66613426737281,-1.37262938444618,-0.10431295585569,-1.46691055321726,0.313331634515096,0.209086136071647,-0.425937610932652,-0.154439525696635,-0.0188195044268996,0.632233951218357,0.192921615175897,0.468180887290157,0.280486470872693,1
-2.01900071938148,1.49126972926361,0.0052218157286719,0.817253270463702,0.973252233873376,-0.639268312778292,-0.974072997078786,-3.14692889107659,-0.0031590736890201,-0.121653217684609,0.0243696057661544,-1.07381224038496,-2.00276910919169,-0.895433620751722,1.74893630108012,-0.103527023620705,2.03119574973193,0.31759835677742,0.38676063692414,-1.02996468249782,2.83959610796444,-1.18544284096841,-0.142811875801854,-0.0861029384113329,-0.329113253522425,0.523601226377288,0.626282771397878,0.152439938058669,1
-3.89119195123086,7.09891625215749,-11.4264670967961,8.60755678650129,-2.06570621026229,-2.98528802203595,-8.13858941693861,2.97392807853452,-6.27279046836547,-13.1934150665232,11.6197234753825,-17.6316063138707,-0.355194389515515,-18.8220867423816,-1.2831290856146,-10.0310966568698,-15.2270075099256,-5.32200898058982,-0.501750653452579,1.38261899967275,1.75708522742867,-0.18970915318715,-0.508629244173448,-1.18930816877394,1.18853649934791,0.605241885913626,1.8815287524148,0.875260407222375,1
-16.308650062507,11.6148005425867,-19.7393862972953,10.4638662754002,-12.599145656022,-1.2023933184963,-23.3805078207357,-5.78113300512982,-7.81102238181602,-16.3035376590131,5.57362527301538,-13.6352161247268,-0.483236243869236,-7.35279224297253,-2.39268418895092,-8.72814239367754,-17.5988535455879,-7.45595632935304,0.169740705598221,2.10603387120175,-4.88498262418118,1.14091043558273,1.39295263139548,0.348996604820014,-2.16750975079914,-0.798753537981903,-2.94277507305079,-0.462679619023024,1
-4.51481893675803,3.39598071047452,-1.69842081492921,0.130707844065542,-2.37899011921741,-1.60653376528173,-1.35646160360345,2.44471041528318,-0.0442692841488846,0.386863239827163,-0.567090676119437,1.22964368266387,0.786920026395729,0.896545675442248,0.766964737020571,0.908681341696153,1.03671193598434,-0.180873239498168,-0.444094151935621,0.244171161872459,-0.228864183660526,-0.853256151494136,0.362233439899453,0.654727464506575,0.297070286933031,0.080779408068832,0.140230373016233,0.10964721989895,0
0.785399385758223,-1.53524648203248,-0.391418482398983,-0.446859168478488,-0.871158658728812,-0.0002770863560738,-0.0960355701055903,-0.0075996736960499,-0.923548952427797,0.643492623568972,0.722436285719537,0.11688240304813,-0.834266424178964,0.487326950975738,-0.323042707659651,-1.71321427645987,0.287494041964934,0.928846220438284,-0.493630542706532,0.0129765301968037,-0.228388974943418,-0.753364975633309,-0.270252167728699,-0.26090704618299,0.23533602530332,1.0967082070084,-0.117486688061105,0.0291867262050165,0
-4.66650010041278,-3.95232008590575,0.206093981663422,5.15352461752314,5.22946888229443,0.939039595033364,-0.63503285991319,-0.704506473585122,-0.234785699547585,4.03143505114991,0.983646778914785,-0.578913742704862,-0.199814214445048,-0.729706928009483,1.26671345577549,-0.842769191467021,-0.10294607389286,-0.597597212831086,1.06015422605258,-2.28613708033687,-0.664263125989277,1.82142163463065,0.113562782266408,-0.759673347196958,-0.50230409927918,0.63063883618903,-0.513880222506685,0.729525850100835,1
-2.3493399641893,1.51260401518904,-2.64749719609623,1.75379247237301,0.406327950335496,-2.18849400496996,-0.686934747748875,-0.547984409288573,-0.0995281132954432,-1.67234597814111,2.17297610055437,-3.10347667138871,0.217560544573622,-6.03440257566619,0.164400705894815,-2.38382603356602,-4.16647877527802,-1.77239694698232,-0.526280794204029,-0.0934214753719124,-0.0885194213942628,-0.595178282040403,0.258148130014773,0.0619011334336728,-0.35418019381022,-1.15267106612603,-0.736072755373029,0.733702732493917,1
-1.89097835963145,1.67036821954811,0.747994493741393,0.159929163309446,-0.013867299693012,0.17317351749247,0.376699290707022,0.861439173866024,-0.568649083887602,-0.989955990345506,-1.34557171418732,0.800143893318223,0.82585531948637,0.237156239104276,-0.773844612281722,-0.224713654543602,0.118482261617017,-0.76333816888191,-0.702152055914771,-0.234250121728815,-0.0175281637241412,-0.0963302477437475,-0.359590717892555,-0.429915571179055,0.855814018095738,-0.370729150305471,-0.186564903902373,-0.0456117984931597,0
-5.75385192191905,0.577609830544052,-6.31278151817008,5.15940136394611,-1.69831984974091,-2.68328644007023,-7.93438913772177,2.37354992013064,-3.07307886895315,-7.14513662527302,6.25006758982915,-9.15082268467043,-1.37614146959781,-9.98258470738767,1.2022169675584,-7.56504249195105,-13.691474448179,-4.36686728138342,2.18142273556017,0.0175000205275833,1.17785240817647,0.175331359039045,-1.21112332108691,-0.446891081681294,-0.405520352964176,-0.165797490498776,1.50551591304239,0.359492050360598,1
-3.63280894927825,5.43726336227612,-9.13652148062595,10.3072263079132,-5.42183029451154,-2.86481514933136,-10.6340876212042,3.01812657999175,-4.89164032107494,-11.2350479111446,8.78878366710272,-18.5536970096458,-0.339533407676443,-15.6231873302985,-0.188978574214972,-12.4279613630565,-20.1590474539227,-6.88889109280947,2.58609321670737,1.35406479520345,2.30988016889674,0.978660126299279,-0.0961301444473713,0.432376722544823,-0.435627929953396,0.65089278643537,1.69360750804844,0.857685371687245,1
1.12108243462861,0.183368684629506,0.387757826375536,1.09301239707642,-0.137853430382116,-0.0915782331914183,-0.0566394104330959,0.103004239272038,-0.220455777099189,0.195390845757689,1.4350049552912,0.740419279100317,-0.443625317625193,0.631726445594246,0.531382141600696,0.0732046934096793,-0.423178518994227,0.0263573802625066,-0.54505780350479,-0.159168698073446,0.153495931514719,0.442024807716697,-0.100244443634801,0.0119056439176688,0.552860103656891,-0.268252056170991,0.0258939552160625,0.0099537494036474,0
1.15937314510686,2.84479469928473,-4.05067950821309,4.77770088131929,2.94898004123771,-2.01036111013216,1.74408581794948,-0.410286521869204,-2.45019774688553,-2.04216786301424,1.84409317018026,-2.42593281501277,-1.5842751343556,-7.2083115791564,0.459828383286257,2.37529619792022,6.4435098643744,2.59184606301795,-2.88977035831304,-0.059264385833904,-0.176541018596848,-0.433469859425429,-0.529323202003731,-0.597019604985794,1.33595405267787,0.547092070642555,0.0099789442639121,0.160769150049196,1
-2.58961719821269,7.01671438495857,-13.7054072869097,10.3432280604117,-2.95446103475574,-3.05511578527804,-9.3012886151434,3.34957336071614,-5.65421202641103,-11.853866972601,11.6692047358121,-17.2286622386187,0.0555715664836118,-18.4937733551053,-0.304172113519045,-10.6294973901353,-14.4412111342765,-5.10548646597228,1.2702262705049,1.48885519236896,1.88773772551451,0.333998184533223,0.28765904061745,-1.18640640906644,-0.690272670076388,0.631703772210546,1.93422076005943,0.789687172212655,1
-0.417339782403896,4.70005527392636,-7.52176682774885,7.67188445074794,0.260821237608046,-2.64669254023638,-2.85443216153232,0.95878310270126,-4.5885358926682,-6.12071508667922,4.54849458373201,-7.83625279832226,-0.242674770748528,-13.2025053438681,1.0924415991984,-3.04086255242532,-3.00895800089691,-0.159966953690891,0.78808629554402,0.832034789370246,0.622200356085823,-0.437708334187294,-0.0903582898025547,-0.742802157670925,-0.312360714129117,0.502574976363589,0.8213902873783,0.37237881708533,1
2.11208703691003,0.140566678012627,-1.51216304308444,0.631141178346535,0.328237019730303,-1.27378272876761,0.416258928963855,-0.543936027045647,1.65842284947662,-0.261538991399908,-0.049934316708923,-2.14615356419726,1.65736924040804,1.8136247221489,-1.18759798105414,-0.562073796886067,0.601192555756162,-0.542279469945893,0.0514808937050063,-0.279921257514166,-0.197056422232673,-0.0851905574541303,0.0738705276927485,-0.106779259032158,0.181114482292278,0.529405324551661,-0.121911344253078,-0.0852756635935128,0
-3.85988078691481,2.63288131193679,-5.2642653095088,3.44611314661501,-0.675231056544998,-1.90495945391597,-3.2910408690196,-0.985766040904484,-1.16811416733417,-3.93629417027159,4.25656448730292,-6.60065448140166,0.0056263764660214,-9.9585309187018,2.47135790380837,-5.7001414199952,-6.38809273753128,-1.83815930102503,2.99317350708135,-0.178626358366056,1.66411901528299,0.785075271950043,0.0684124857414983,0.778960915978384,-0.863165919910699,-0.0068096144164965,-1.06573404007904,1.77332644564776,1
-0.491671386272669,-0.277114705399598,0.750633697128457,-0.742855948817933,-1.33883769222802,-0.427809831676251,1.3211987196732,-0.204953647749287,0.936310405684277,-1.27543897948285,-0.347366549950852,1.02473690580669,1.16577708993116,-0.279656186067065,1.01141209136314,-1.02479181560581,0.0723944940704575,0.231237616940912,1.24869790124373,0.83958457549447,0.269564872344757,0.697312150816804,0.623775112282922,0.396301893322884,-0.217806141460842,-0.668988974058417,0.345056468450718,0.196113118319045,0
1.03499109841632,0.0004115968593714,1.31164081727759,1.4536997829712,-0.727097269571413,0.118626210533504,-0.643169985522776,0.0858975546140561,1.76594561494372,-0.435869605874009,0.716978265296018,-2.23221942062249,1.8200519098124,1.42175183108515,0.940905602187122,0.375140980820685,0.294576490353729,0.194099817821189,-1.29696974169956,-0.0860157119406864,0.0286010685441082,0.288762548302849,-0.0166490634523921,0.0181988579361833,0.227364776959251,-0.361962921101841,0.0437631182013995,0.0401736265651619,0
